"Parameter","Median Posterior","90% HPDI (low)","90% HPDI (high)","Rhat","ESS"
"beta0",2825.248,2776.22,2880.813,1.00138070058828,7432.89162157469
"1/beta1",0.7,0.416,1.01,1.00617123539543,2704.22689002498
"rho",112.32,48.257,195.85,1.00661634647754,765.192968900371
"etasq",0.1,0.018,0.206,1.00614014636865,3475.74372123594
