"Parameter","Median Posterior","90% HPDI (low)","90% HPDI (high)","Rhat","ESS"
"beta0",2743.93,2644.161,2835.364,1.00042754087018,22266.14316265
"1/beta1",1.321,0.775,1.978,1.00009423665832,28394.4180944175
"rho",173.707,96.039,258.68,1.00092388755538,3031.73125727183
"etasq",0.089,0.015,0.199,1.00023265455596,23223.607535133
